2360 E. Semoran Blvd,"Apopka, FL 32703",(407) 358-7233,(407) 358-7233
1775 N. Congress Avenue,"Boynton Beach, FL 33426",(561) 536-1440,(561) 536-1440
6846 Forest Hill Blvd,"Greenacres, FL 33413",(561) 273-8271,(561) 273-8271
3314 NE 7th Street,"Homestead, FL 33033-4502",(305) 230-7092,(305) 230-7092
850 W. Osceola Parkway,"Kissimmee, FL 34741",(407) 452-0235,(407) 452-0235
236 Wheelhouse Ln,"Lake Mary, FL 32746",(321) 233-8669,(321) 233-8669
20851 South Dixie Highway,"Miami, FL 33189",(305) 909-0076,(305) 909-0076
2982 Grand Ave.,"Miami, FL 33133",(305) 448-2416,(305) 448-2416
1970 NW 117 Pl,"Miami, FL 33182",(305) 397-0627,(305) 397-0627
8400 Mills Drive,"Miami, FL 33183",(305) 704-4540,(305) 704-4540
19371 NW 27th Avenue,"Miami Gardens, FL 33056",(305) 907-5960,(305) 907-5960
"11645 Red Road, Space H-1","Miramar, FL 33025",(954) 744-1836,(954) 744-1836
1101 Resource Avenue,"Orlando, FL 32835",(321) 445-0296,(321) 445-0296
15 West Crystal Lake St,"Orlando, FL 32806",(321) 558-1292,(321) 558-1292
12187 E. Colonial Drive,"Orlando, FL 32826-4707",(321) 332-9704,(321) 332-9704
8333 Pines Blvd.,"Pembroke Pines, FL 33024",(954) 437-2468,(954) 437-2468
700 South Pine Island Rd.,"Plantation, FL 33324",(954) 472-9998,(954) 472-9998
9919 W. Oakland Park Blvd.,"Sunrise, FL 33351",(954) 745-1070,(954) 745-1070
4017 West Commercial Blvd.,"Tamarac, FL 33319-3303",(954) 375-8831,(954) 375-8831
4270 Aloma Avenue,Suite 164,"Winter Park, FL 32792",(407) 618-0129,(407) 618-0129
2360 E. Semoran Blvd,"Apopka, FL 32703",(407) 358-7233,(407) 358-7233
1775 N. Congress Avenue,"Boynton Beach, FL 33426",(561) 536-1440,(561) 536-1440
6846 Forest Hill Blvd,"Greenacres, FL 33413",(561) 273-8271,(561) 273-8271
3314 NE 7th Street,"Homestead, FL 33033-4502",(305) 230-7092,(305) 230-7092
850 W. Osceola Parkway,"Kissimmee, FL 34741",(407) 452-0235,(407) 452-0235
236 Wheelhouse Ln,"Lake Mary, FL 32746",(321) 233-8669,(321) 233-8669
20851 South Dixie Highway,"Miami, FL 33189",(305) 909-0076,(305) 909-0076
2982 Grand Ave.,"Miami, FL 33133",(305) 448-2416,(305) 448-2416
1970 NW 117 Pl,"Miami, FL 33182",(305) 397-0627,(305) 397-0627
8400 Mills Drive,"Miami, FL 33183",(305) 704-4540,(305) 704-4540
19371 NW 27th Avenue,"Miami Gardens, FL 33056",(305) 907-5960,(305) 907-5960
"11645 Red Road, Space H-1","Miramar, FL 33025",(954) 744-1836,(954) 744-1836
1101 Resource Avenue,"Orlando, FL 32835",(321) 445-0296,(321) 445-0296
15 West Crystal Lake St,"Orlando, FL 32806",(321) 558-1292,(321) 558-1292
12187 E. Colonial Drive,"Orlando, FL 32826-4707",(321) 332-9704,(321) 332-9704
8333 Pines Blvd.,"Pembroke Pines, FL 33024",(954) 437-2468,(954) 437-2468
700 South Pine Island Rd.,"Plantation, FL 33324",(954) 472-9998,(954) 472-9998
9919 W. Oakland Park Blvd.,"Sunrise, FL 33351",(954) 745-1070,(954) 745-1070
4017 West Commercial Blvd.,"Tamarac, FL 33319-3303",(954) 375-8831,(954) 375-8831
4270 Aloma Avenue,Suite 164,"Winter Park, FL 32792",(407) 618-0129,(407) 618-0129
